{"_EAT": 0.4181042283666362, "_WILL_EATEN": 6.3772152812858005, "_EATEN": 4.162304038704116, "_>HEXES": 2.3848338971072334, "_<HEXES": 1.771135715553639, "_CLOSE_HEXES": 4.408564189158891, "_CLOSE_END": 2.035939214747522}